emp_id,emp_name,job_title,company,start_date,quit_date
1,Erhart Scambler,Recruiter,Cogilith,2011-02-12,
2,Jermaine Baggot,Actuary,Roomm,2014-08-24,
3,Tam Innes,Web Developer IV,Skidoo,2015-03-01,
4,Cori Fenimore,Paralegal,Kazio,2017-05-08,
5,Carlita Pymm,Research Assistant I,Kwinu,2014-07-03,
6,Shay Caird,VP Sales,Jaxspan,2017-06-18,2014-01-22
7,Madelaine Hillan,Developer III,Brainsphere,2011-11-29,
8,Alfreda Benterman,Administrative Assistant II,Yodoo,2010-12-23,
9,Magdaia Rippingall,Quality Control Specialist,Skyba,2013-11-18,
10,Janel Bevans,Nurse,Edgeify,2015-03-07,
11,Aldo Gillman,Structural Analysis Engineer,Livepath,2015-10-30,
12,Nickolas Smales,Associate Professor,Thoughtworks,2017-02-22,
13,Marlee Bayne,Database Administrator IV,Ailane,2010-03-22,
14,Phylys Dabbs,Human Resources Assistant I,Quatz,2017-09-06,
15,Alisha Amori,GIS Technical Architect,Avamm,2018-01-11,
16,Winny Easey,Business Systems Development Analyst,Skinte,2014-10-20,
17,Shelli Tamplin,Payment Adjustment Coordinator,Kwilith,2010-08-02,
18,Rhody Ghelardoni,Occupational Therapist,Vipe,2010-08-07,
19,Saunders Meugens,Internal Auditor,Muxo,2011-09-10,
20,Dominga Baudou,Librarian,Realbuzz,2012-12-06,
21,Xavier Lockey,Administrative Assistant I,Oba,2016-07-08,
22,Dacia Dunthorn,Mechanical Systems Engineer,Thoughtblab,2014-07-22,
23,Coleen Safe,Sales Associate,Skippad,2013-04-08,
24,Jackquelin Chellenham,VP Sales,Omba,2017-02-27,
25,Martica Sykes,Associate Professor,Cogilith,2011-08-28,
26,Rabbi Sang,Senior Financial Analyst,Jabbersphere,2010-08-09,
27,Harlie Pembery,Associate Professor,Zoovu,2014-02-16,
28,Bald Hawton,Project Manager,Gevee,2011-03-13,
29,Demeter Johannesson,Junior Executive,Skaboo,2017-03-20,
30,Tyson Jacklings,GIS Technical Architect,Buzzshare,2011-10-22,2015-09-18
31,Abeu Jales,Computer Systems Analyst IV,Kwinu,2013-04-17,
32,Marion Pfeffel,Environmental Specialist,Chatterbridge,2010-06-05,
33,Ransom Regis,Senior Editor,Jaxnation,2017-05-03,
34,Addi Grassin,Account Executive,Zoomcast,2017-02-04,
35,Reina Dougill,Speech Pathologist,Topicblab,2014-04-04,
36,Ulises Mathiasen,Quality Control Specialist,Quatz,2016-10-04,
37,Katrine Nasi,VP Product Management,Avamba,2015-08-11,
38,Hirsch Barlow,Senior Financial Analyst,Dazzlesphere,2012-03-16,
39,Sapphire Eagland,Account Executive,Edgeclub,2011-04-13,
40,Abba Vinall,Senior Cost Accountant,Edgeblab,2010-05-05,
41,Paddy Lesmonde,Desktop Support Technician,Skyble,2014-06-24,
42,Anett Romagosa,Senior Cost Accountant,Topdrive,2011-07-03,
43,Ermengarde McIlwraith,Operator,Trunyx,2017-03-21,
44,Darleen Jann,Nurse Practicioner,Dabshots,2013-07-25,2015-02-05
45,Kendal Trillo,Accounting Assistant III,Voonyx,2015-10-01,
46,Michel Meachen,VP Marketing,Browsetype,2016-04-10,
47,Codie MacAughtrie,Graphic Designer,Bubbletube,2015-10-27,
48,Merell Parrett,Human Resources Manager,Zava,2016-05-22,2016-10-10
49,Zane Brimham,Compensation Analyst,Roombo,2015-12-15,
50,Juliet Shevill,Accounting Assistant IV,Feedmix,2014-11-21,
51,Trish Farreil,Financial Advisor,Kamba,2017-03-23,
52,Terrye Borer,Occupational Therapist,Tagtune,2012-01-15,
53,Raphaela MacDaid,Quality Control Specialist,Avavee,2011-12-05,
54,Iosep Zute,Structural Analysis Engineer,Kamba,2018-03-15,
55,Merci Quigley,Financial Analyst,Jamia,2014-07-21,
56,Emmeline Thatcher,Compensation Analyst,Janyx,2011-11-11,
57,Carlynn Tunno,Web Developer IV,Eimbee,2011-02-20,
58,Munmro Mackie,Physical Therapy Assistant,Thoughtstorm,2012-04-23,
59,Suzanne Coady,GIS Technical Architect,Oyoloo,2014-07-15,
60,Bobbye Tivers,Senior Cost Accountant,Youspan,2012-01-18,
61,Franz Flather,GIS Technical Architect,Mymm,2015-08-31,2012-07-20
62,Terri-jo Smallwood,Sales Associate,Meezzy,2012-02-27,
63,Kimball Churms,Account Representative I,Skyba,2017-04-28,
64,Magdalena Fernan,Nurse Practicioner,Gabvine,2013-05-31,
65,Josias Grivori,Nurse Practicioner,Yombu,2015-05-28,
66,Denni Velti,Human Resources Manager,Demizz,2018-03-06,2015-11-26
67,Lucretia Tooley,Associate Professor,Podcat,2012-09-29,
68,Rickie Wooding,VP Sales,Mymm,2017-01-29,2015-03-21
69,Lesley Daye,Statistician III,Yakitri,2010-11-14,
70,Ring Starten,VP Accounting,Trunyx,2016-01-27,
71,Ezequiel Joslow,Financial Advisor,Fivechat,2017-09-23,
72,Analiese Randal,Assistant Media Planner,Twinder,2013-03-11,
73,Cary Dingley,Automation Specialist II,Viva,2013-10-26,
74,Maryellen Purvis,Programmer I,Eire,2012-04-18,
75,Beverlie Lugg,Structural Engineer,Yozio,2011-05-26,
76,Willem Ramshaw,Biostatistician I,Vitz,2012-12-10,
77,Elton Tarquinio,GIS Technical Architect,Buzzbean,2015-08-26,
78,Jonas Kitchenman,Electrical Engineer,Zoonder,2014-12-26,
79,Darn Lattos,Research Associate,Skinder,2010-05-06,
80,Camella Elders,Project Manager,Pixope,2014-02-11,
81,Roxana Varnals,Editor,Bluejam,2013-04-07,2011-06-12
82,Mada Gipp,Senior Editor,Flipstorm,2011-08-13,
83,Smith Beverstock,Software Consultant,Yabox,2010-07-30,
84,Myrtia Zmitruk,Senior Financial Analyst,Babblestorm,2014-07-25,
85,Abramo Alejo,Editor,Edgeblab,2014-05-27,
86,Baxie Ditchburn,Research Assistant II,Youspan,2015-02-10,
87,Pauli Beament,Sales Associate,Bluejam,2013-12-30,
88,Julia Bentall,VP Quality Control,Jabbersphere,2014-08-21,
89,Morna McKenzie,Media Manager II,Skimia,2014-05-13,
90,Eduardo Georgescu,Marketing Manager,Realbuzz,2014-09-20,
91,Dannel McCraw,Desktop Support Technician,Babbleopia,2014-10-14,
92,Worthington Bilbrook,Design Engineer,Twitterbeat,2016-12-26,
93,Ilise Almack,Director of Sales,Flipbug,2016-07-09,
94,Milena Ovens,Safety Technician IV,Fatz,2010-10-22,
95,Stacie Vase,Biostatistician IV,Thoughtstorm,2015-11-16,
96,Tremayne Mackerel,Help Desk Operator,Voonte,2014-10-04,
97,Sascha Bernardeau,Analyst Programmer,Topiczoom,2014-01-22,
98,Birgitta Devita,Nurse,Riffpath,2012-08-14,
99,Luce Boyle,Media Manager I,Zava,2010-11-24,
100,Dyanne Fidgeon,VP Product Management,DabZ,2013-10-26,
101,Kayle MacIntosh,Junior Executive,Dabtype,2016-12-27,
102,Dawn Sybe,VP Accounting,Twiyo,2010-11-03,2011-03-04
103,Homerus Babonau,Business Systems Development Analyst,Reallinks,2017-05-03,
104,Tiena Hazlewood,Computer Systems Analyst I,Gabspot,2016-06-16,
105,Madalena Peacock,Programmer Analyst II,Tagtune,2017-04-25,
106,Billie Salterne,Product Engineer,Feedspan,2011-03-28,
107,Antonius Filinkov,Media Manager I,Plajo,2016-12-12,
108,Saxe Beverage,Account Representative IV,Topicshots,2013-01-22,
109,Arthur Talby,Food Chemist,Wikizz,2012-12-28,
110,Janek Blare,Pharmacist,Agivu,2015-04-13,
111,Noak St. Quintin,Product Engineer,Jayo,2013-10-24,
112,Dougy Limpricht,Marketing Assistant,Quaxo,2016-07-17,
113,Tracie Dumingo,Legal Assistant,Babbleopia,2012-09-01,
114,Rhodie Matasov,Project Manager,Kazu,2010-04-26,
115,Darlleen Oleksiak,Junior Executive,Wikibox,2011-07-08,
116,Roch Jellett,Chief Design Engineer,Realfire,2017-03-14,
117,Edsel Guyot,Account Representative III,Gabspot,2017-06-11,
118,Floria Giddins,Media Manager IV,Fliptune,2011-01-02,
119,Kalle Kitchinghan,Senior Cost Accountant,Voolia,2017-08-08,2014-07-14
120,Giffer Howett,Physical Therapy Assistant,Tagfeed,2016-05-07,2013-09-18
121,Christie Robardley,Account Executive,Eire,2013-10-19,
122,Katie Voules,Occupational Therapist,Centizu,2016-11-30,
123,Kristina Sketcher,Junior Executive,Twitterwire,2016-03-22,
124,Cyrillus Zammett,Marketing Manager,Photobean,2013-12-08,
125,Rozanne Trayling,Human Resources Manager,Flipstorm,2014-04-19,
126,Tally Werrett,Environmental Specialist,Topicware,2014-12-24,
127,Dael Laguerre,Senior Developer,Devpulse,2015-05-23,
128,Quincey Muldrew,Technical Writer,Jaxworks,2014-02-03,2010-05-16
129,Martainn Lindenstrauss,Project Manager,Eayo,2014-10-04,
130,Ezmeralda Daniely,Social Worker,Tagtune,2014-12-25,
131,Abbie Frapwell,Business Systems Development Analyst,Feedfish,2010-09-01,
132,Malorie Larderot,Account Executive,Shuffletag,2011-01-11,
133,Abba Blowfield,Software Consultant,Trunyx,2016-02-10,2012-08-31
134,Brina Smieton,Paralegal,Twitterlist,2011-10-12,
135,Gareth Checketts,Statistician III,Eadel,2011-07-04,
136,Laura Ivel,Senior Financial Analyst,Jabbertype,2015-12-27,
137,Brook Semrad,Quality Engineer,Kazu,2010-11-26,
138,Loleta Cutbirth,Assistant Manager,Brightbean,2011-08-23,
139,Gualterio Gery,Teacher,Jaxspan,2015-01-24,
140,Morley Bye,Editor,Pixope,2016-04-16,
141,Gordie Southerden,GIS Technical Architect,Divavu,2012-01-11,
142,Roberta Schenkel,Geological Engineer,Jetpulse,2012-04-09,
143,Esmaria Lashbrook,Legal Assistant,Yombu,2012-11-12,
144,Karola Bond,Physical Therapy Assistant,Voolia,2017-05-25,
145,Michail Jeffels,Cost Accountant,Photobug,2013-09-23,
146,Kristoforo Aspinwall,Chief Design Engineer,Avavee,2015-11-08,
147,Archibald McCaughen,Computer Systems Analyst II,JumpXS,2010-11-16,
148,Kin Goring,Database Administrator IV,Skimia,2015-01-21,
149,Lezlie Todarini,Technical Writer,Skyndu,2012-12-29,2015-06-16
150,Kristina McQuarter,VP Accounting,Meevee,2016-06-28,
151,Webb Veillard,Business Systems Development Analyst,Demivee,2011-12-31,
152,Basilius Bartczak,Safety Technician II,Livefish,2016-11-15,
153,Sauncho Mussetti,Product Engineer,Flashspan,2011-07-30,
154,Drugi Cowley,Senior Quality Engineer,Jabbercube,2010-10-02,2013-10-11
155,Fritz O'Daly,Developer I,Gabtune,2015-12-26,
156,Pier Garley,Information Systems Manager,JumpXS,2016-03-26,
157,Tomasina Towndrow,Automation Specialist IV,Bluezoom,2016-02-19,
158,Dulciana Gellett,Product Engineer,Miboo,2013-04-18,
159,Cinderella Verbeek,Senior Quality Engineer,Aibox,2010-10-30,
160,Noreen Kagan,Financial Advisor,Fiveclub,2012-11-21,
161,Silva Faas,Assistant Manager,Gabvine,2014-09-02,
162,Lissa Bringloe,Human Resources Assistant IV,Jetwire,2014-01-16,
163,Dewie Jellis,Computer Systems Analyst II,Topicshots,2015-01-11,
164,Guinevere Rousby,VP Product Management,Katz,2011-10-29,
165,Robinett Lomaz,Budget/Accounting Analyst I,Yakidoo,2011-08-28,
166,Carlota Venny,Accounting Assistant II,Flipstorm,2017-06-26,
167,Marybeth Ewdale,Product Engineer,Dynazzy,2016-06-12,
168,Nataniel Franz,Office Assistant I,Photobug,2010-12-01,
169,Amy Kulver,Developer III,Babblestorm,2011-10-27,
170,Sidnee Grzelczyk,Nuclear Power Engineer,Thoughtworks,2010-11-06,
171,Pammy Dow,Recruiter,Flashset,2014-08-12,
172,Christine Clewett,Quality Engineer,Jabbertype,2018-02-18,
173,Elva Clapson,VP Sales,Kanoodle,2015-01-16,
174,Harriett Fenich,Human Resources Manager,Gigaclub,2013-05-26,
175,Berta Tawton,Compensation Analyst,Kwinu,2013-10-11,
176,Angy Artois,Marketing Manager,Jabberstorm,2013-11-23,
177,Rowney Volcker,Editor,Dazzlesphere,2017-07-22,2017-11-30
178,Diane-marie Arthan,Human Resources Manager,Kanoodle,2017-03-30,
179,Mikaela Herkess,Software Test Engineer III,Latz,2012-05-05,
180,Jedidiah Ramsden,Budget/Accounting Analyst IV,Wordware,2012-01-03,
181,Nariko MacAlister,Payment Adjustment Coordinator,Bubbletube,2011-03-07,
182,Heindrick Lorant,Human Resources Assistant I,Yoveo,2014-08-14,
183,Kassi MacBey,Environmental Tech,Gigazoom,2015-11-08,
184,Clerkclaude Buller,Physical Therapy Assistant,Quaxo,2010-07-23,
185,Shaylynn Pawle,Account Representative III,Ntag,2011-04-25,2011-11-15
186,Jolie Osban,Legal Assistant,Devbug,2017-07-20,
187,Micheil Artrick,Safety Technician I,Oba,2010-11-07,
188,Kingsly Hillett,Electrical Engineer,Dabtype,2016-08-11,
189,Ketti Westell,Marketing Manager,Skajo,2017-09-24,
190,Jessie Jerrans,Graphic Designer,Zoombeat,2012-08-24,
191,Coralie Feron,Technical Writer,Topiclounge,2013-03-08,
192,Rudie Boules,Account Executive,Meezzy,2012-09-04,
193,Ellen Chern,Environmental Specialist,Demizz,2017-03-27,
194,Cal Folke,Sales Associate,Edgeblab,2012-10-02,
195,Romona Chaikovski,Recruiter,Twiyo,2016-02-15,
196,Rozele Boosey,Administrative Assistant II,Skiba,2016-12-13,
197,Helenka Farrin,Professor,Topdrive,2013-01-19,
198,Barbabra Jendricke,Chief Design Engineer,Voonte,2012-08-11,
199,Ame Berthomier,Environmental Specialist,Fivechat,2016-01-03,
200,Linda Dods,Database Administrator IV,Brainbox,2011-03-28,
201,Jerrold Loch,Senior Sales Associate,Livetube,2011-12-10,
202,Mischa Oggers,Marketing Assistant,Skiptube,2015-05-28,
203,Roshelle Linggard,Desktop Support Technician,Thoughtblab,2017-03-19,
204,Clarence Bruun,Marketing Assistant,Thoughtsphere,2013-02-06,2014-07-10
205,Hadria Lavies,Structural Engineer,Vimbo,2015-03-23,
206,Tiena Chainey,VP Product Management,Wordpedia,2012-02-05,
207,Silvie Scolli,Senior Quality Engineer,Pixoboo,2014-04-23,
208,Niko Boosey,Payment Adjustment Coordinator,Rhyzio,2012-07-08,
209,Layney Robertsen,Senior Editor,Buzzbean,2015-03-29,
210,Hallsy MacDuffie,Administrative Assistant I,Wikizz,2016-08-03,
211,Reeba Blasdale,Clinical Specialist,Brainsphere,2011-03-11,
212,Alfie McPhail,Software Engineer IV,InnoZ,2012-05-12,
213,Lowell Tunna,Product Engineer,Trudoo,2013-12-15,
214,Obie Condell,Administrative Officer,Kwinu,2017-10-08,2010-08-24
215,Linoel Gianni,Chief Design Engineer,Bubbletube,2017-04-13,
216,Ora Boniface,Database Administrator I,Tazzy,2011-01-10,
217,Bastian Drysdale,Senior Quality Engineer,Twitterbeat,2010-08-18,
218,Sybila O'Currane,Teacher,Yakidoo,2014-01-19,
219,Rourke Chittey,Web Designer I,Browsedrive,2013-06-21,
220,Lock Rubinsztein,Senior Cost Accountant,Skynoodle,2010-05-20,
221,Ervin Manderson,Information Systems Manager,Tagfeed,2015-07-17,
222,Adrianna Stonall,Automation Specialist I,Skilith,2014-08-18,
223,Jareb Burgin,Accountant II,Twitterlist,2014-05-19,2010-06-14
224,Justina Babbs,Account Representative III,Thoughtmix,2013-09-25,
225,Brand Mattek,Accounting Assistant I,Reallinks,2018-01-25,
226,Garrek Yakobovitz,Internal Auditor,Izio,2014-05-04,
227,Freddie Smoote,Paralegal,Zoomcast,2010-06-30,
228,Marlin Pietrasik,Programmer Analyst IV,Quimba,2012-04-10,
229,Allyce Juppe,Marketing Manager,Yabox,2016-12-30,
230,Jammie Gayton,Recruiting Manager,Feedbug,2016-09-06,
231,Saunderson Hill,Computer Systems Analyst II,Zoomlounge,2013-05-07,
232,Harriett Pierson,Automation Specialist IV,Voolia,2013-02-03,
233,Gwenny Colston,Quality Control Specialist,Edgeify,2012-08-31,
234,Izabel Wedderburn,Systems Administrator I,Eamia,2012-11-12,
235,Charyl Harvard,Safety Technician IV,Zava,2012-01-01,
236,Lenora Kimblin,Web Developer IV,Skyble,2013-12-08,
237,Jody McDoual,Executive Secretary,Browseblab,2016-03-21,
238,Cordy Heyfield,Account Coordinator,Edgepulse,2015-06-04,2015-09-24
239,Ginelle Carah,Quality Engineer,Zoovu,2017-06-14,
240,Burch Dalliwater,Environmental Specialist,Twitterlist,2011-11-19,
241,Hastie Hickeringill,Physical Therapy Assistant,Zoomlounge,2012-07-22,
242,Nero Ivie,Junior Executive,Trupe,2012-05-22,
243,Hyacinthie Sidlow,Electrical Engineer,Brightdog,2015-04-28,
244,Neron Sawkins,Systems Administrator III,Skinte,2018-03-10,
245,Millisent Stenhouse,Desktop Support Technician,Tambee,2013-11-10,
246,Elmira Pohls,VP Marketing,Blogpad,2013-02-21,
247,Sonnnie Coutthart,Financial Analyst,Zooxo,2015-08-14,
248,Dirk Tasker,General Manager,Fliptune,2013-01-25,
249,Jaymie Milnthorpe,Accounting Assistant III,Photojam,2017-01-13,
250,Joachim McMarquis,Developer IV,Oyoyo,2011-02-27,
251,Barri Lansberry,Administrative Assistant II,Jabbercube,2018-02-05,
252,Loralee Raeburn,Assistant Professor,Thoughtstorm,2017-02-07,
253,Betta Wichard,Professor,Dynava,2016-08-10,
254,Margot O'Rodane,Food Chemist,Rhycero,2013-05-23,
255,Ansell Dumpleton,Environmental Specialist,Avamm,2016-07-23,
256,Audie Isley,Design Engineer,Trilith,2016-04-21,
257,Lewiss Drewe,Tax Accountant,Oyope,2017-11-15,
258,Valaria Averies,Structural Engineer,Skyba,2010-03-21,2015-07-02
259,Zorine Ingledow,General Manager,Gevee,2012-05-09,
260,Ange Furmage,Computer Systems Analyst II,Centimia,2014-05-17,
261,Ulric McTurlough,Research Associate,Abatz,2011-03-13,
262,Alberta Yeulet,Community Outreach Specialist,Centizu,2011-05-08,
263,Nell Worcs,Analog Circuit Design manager,Twimbo,2015-12-21,
264,Cher Ronaghan,Information Systems Manager,Fatz,2016-12-27,
265,Marmaduke Poupard,Senior Developer,Babblestorm,2012-09-07,
266,Monique Momford,Account Representative IV,Reallinks,2010-07-16,
267,Rodney Brookes,Staff Scientist,Skiptube,2011-06-14,
268,Jessee Aughtie,Dental Hygienist,DabZ,2014-01-20,
269,Hewitt Kirke,Administrative Officer,Eire,2010-07-28,
270,Jeane Goligly,Tax Accountant,Kimia,2010-10-28,2012-07-02
271,Evangeline Anwyl,Compensation Analyst,Feedfish,2015-09-09,
272,Keriann Oiller,Chemical Engineer,Abata,2016-10-05,2016-11-29
273,Kendra Petricek,Nuclear Power Engineer,Yodel,2015-06-23,
274,Eunice Falkus,Programmer Analyst IV,Devcast,2012-09-01,
275,Alberik Willowby,Editor,Photojam,2011-01-27,
276,Bonita Soames,Quality Engineer,Eabox,2011-05-21,2013-10-30
277,Erroll Letson,Environmental Tech,Photofeed,2017-06-20,
278,Opalina Bruneton,Staff Accountant I,Gabtune,2012-11-05,
279,Verina ducarme,VP Marketing,Eare,2016-07-20,
280,Arvin Challenger,Structural Analysis Engineer,Flashspan,2016-03-18,
281,Kristo Androli,Account Representative II,Mynte,2018-03-07,
282,Zelda Gatling,Accounting Assistant IV,Eabox,2015-08-11,2015-05-15
283,Enos Ricciardo,Electrical Engineer,Flashspan,2018-02-24,
284,Goldarina Waddup,Structural Analysis Engineer,Oyondu,2014-02-17,
285,Consolata Luipold,Director of Sales,Thoughtworks,2015-06-19,
286,Becky Kerswill,Engineer II,Bubblemix,2017-11-13,
287,Karon Papes,Safety Technician II,Devify,2015-08-04,
288,Nikolas Tetlow,Senior Cost Accountant,Latz,2012-06-06,
289,Dalston Scollick,Senior Editor,Skivee,2011-07-14,
290,Lynette Lamberteschi,Financial Analyst,Yodel,2011-08-22,
291,Clarine Edensor,Assistant Manager,Mudo,2010-11-17,
292,Tripp Shimony,Biostatistician IV,Jaloo,2016-12-31,
293,Dulcinea Rutter,Geologist IV,Kayveo,2017-01-13,
294,Netty Linnell,Food Chemist,Eamia,2010-06-04,
295,Riane Musto,Programmer I,Teklist,2012-12-23,
296,Irv Flippen,Project Manager,Divanoodle,2016-02-16,
297,Palmer Woolham,Quality Control Specialist,Vimbo,2011-08-05,
298,Tessie Hornbuckle,Web Designer I,Zoombeat,2010-07-21,
299,Brandtr Zanardii,Developer IV,Jaloo,2010-09-06,
300,Chantal Durrant,Account Coordinator,Gevee,2012-04-23,
301,Jack Calcott,Developer II,Abata,2015-09-15,
302,Wiley Ceaser,Chief Design Engineer,Jabbersphere,2011-07-31,2012-04-08
303,Lyndsie Rowston,Account Coordinator,Skippad,2010-10-14,
304,Clarita Idel,Developer II,Kimia,2014-10-09,
305,Dania Pougher,Senior Quality Engineer,Leenti,2014-10-26,
306,Warner Chominski,Web Designer I,Devify,2017-12-03,
307,Patricia Trigg,Senior Cost Accountant,Lajo,2015-10-09,
308,Carolyne Haigh,Developer III,Wikibox,2017-02-09,
309,Kellina Briereton,Graphic Designer,Tanoodle,2015-01-05,
310,Bess Guiton,Tax Accountant,Yakitri,2014-09-23,
311,Arny Morsey,Professor,Meetz,2015-03-22,
312,Nert McIlmorie,Graphic Designer,Tazz,2014-08-06,
313,Molli Clixby,Software Engineer I,Yakitri,2015-07-13,
314,Nelly Bletsor,Office Assistant IV,Kimia,2015-04-29,
315,Vyky Tilt,Information Systems Manager,Edgeify,2012-07-14,
316,Gerardo Vischi,Structural Engineer,Katz,2012-12-11,
317,Bendite Vasyuchov,Speech Pathologist,Oloo,2017-03-06,2013-04-29
318,Jacinthe Gerwood,Senior Financial Analyst,Katz,2017-01-16,
319,Herschel Reuther,Sales Associate,Meevee,2015-04-11,
320,Nollie Madle,Structural Analysis Engineer,Vinder,2012-07-05,
321,Yvette Penburton,Project Manager,Divavu,2017-01-28,
322,Hurley Chamley,Financial Analyst,Plambee,2013-01-28,
323,Stacia Rubenfeld,Recruiter,Topiclounge,2016-02-09,
324,Dory McOnie,Programmer Analyst III,Fivespan,2011-05-06,
325,Noel Willox,VP Marketing,LiveZ,2015-04-06,
326,Milty Worsnip,Executive Secretary,Mymm,2016-09-27,
327,Ketti Mueller,Financial Advisor,Tambee,2017-04-13,
328,Ber Frill,Account Executive,Einti,2014-07-18,
329,Bren Lemery,Web Developer II,Layo,2014-04-20,
330,Cammie Ainsley,Accounting Assistant III,Divape,2012-03-23,
331,Trudie Bertomieu,Structural Engineer,Trudeo,2016-10-17,
332,Palmer Lowde,Software Consultant,Twitterwire,2017-05-22,
333,Bernelle Dibner,Sales Associate,Photojam,2015-07-11,
334,Rick Tapscott,Research Associate,Twiyo,2011-02-14,
335,Amata Winckle,Staff Scientist,Ainyx,2010-10-09,
336,Reine Loache,Compensation Analyst,Flashpoint,2017-02-27,
337,Bridie Tatershall,Compensation Analyst,Dynazzy,2017-01-28,
338,Mayne McVitie,Project Manager,Flipstorm,2016-01-10,
339,Liuka Gibb,Paralegal,Dabvine,2013-12-08,
340,Leonidas Klassmann,Data Coordiator,Eabox,2015-01-14,
341,Zeb Stollenbecker,Paralegal,Linklinks,2012-12-28,
342,Laurence Bellson,Biostatistician III,Buzzbean,2014-04-16,
343,Wileen Rugge,Registered Nurse,Aibox,2014-04-15,
344,Stella Kislingbury,Budget/Accounting Analyst I,Twiyo,2017-11-02,2015-05-05
345,Nerti Jaquet,Research Assistant I,Realfire,2016-04-07,
346,Ginger Richin,Business Systems Development Analyst,Zazio,2017-09-28,
347,Philly Caslin,Analog Circuit Design manager,Mymm,2013-03-27,
348,Jakob Tutchell,Office Assistant I,Gabspot,2011-05-22,
349,Astrid Hendren,Nurse Practicioner,Photojam,2010-11-16,
350,Clifford Leyrroyd,Senior Financial Analyst,Eare,2013-05-20,
351,Philippe Djurevic,Administrative Officer,Tazzy,2013-02-26,
352,Dionne Alderton,VP Accounting,Mydeo,2013-08-30,
353,Ora Pillinger,Nurse Practicioner,Gevee,2017-01-21,
354,Berne Billsberry,Librarian,Meevee,2012-08-07,
355,Robb Drezzer,VP Accounting,InnoZ,2014-01-27,
356,Lyn Abrahamsson,Operator,Twitterbridge,2013-05-06,
357,Agneta Haggleton,Senior Cost Accountant,Topicblab,2011-02-14,
358,Buffy Brinkworth,Payment Adjustment Coordinator,Twiyo,2017-01-29,
359,Tabbie Bernhardsson,Marketing Manager,Jetwire,2012-07-22,
360,Perceval Pynn,Project Manager,Photobean,2017-04-16,
361,Kelly Braunter,Marketing Assistant,Voonte,2016-01-15,
362,Corbet Cowterd,Automation Specialist II,Realblab,2015-06-02,
363,Terrie Chishull,Food Chemist,Ntag,2016-07-09,
364,Julie Poskitt,Internal Auditor,Jayo,2011-11-20,
365,Gianina Beszant,Media Manager I,Yata,2016-03-03,
366,Kaylil Hannis,Database Administrator III,Trilith,2011-07-05,
367,Ruthi Snowling,Product Engineer,Skimia,2014-04-12,
368,Thurstan Christiensen,Account Coordinator,Rhyloo,2016-01-27,2011-04-28
369,Hyatt Blunt,Dental Hygienist,Flashspan,2015-05-13,
370,Jany Degoy,Assistant Manager,Edgeclub,2010-10-25,
371,Giacopo Nabbs,Analog Circuit Design manager,Babbleopia,2017-07-01,
372,Thedric Slack,Social Worker,Ntag,2013-12-23,2017-03-31
373,Joane Rhyme,Technical Writer,Yodo,2014-01-19,
374,Annabell Jewitt,Technical Writer,Npath,2012-04-24,
375,Cort Aronowicz,Quality Control Specialist,Yombu,2015-04-29,
376,Bren Hellin,Structural Analysis Engineer,Yacero,2016-01-11,
377,Drusy Cratchley,Marketing Assistant,Gabcube,2014-04-23,
378,Selma Pechell,Design Engineer,Photobug,2013-03-14,
379,Rafi Kember,VP Quality Control,Flashspan,2010-05-21,
380,Issiah Pee,Project Manager,Eayo,2010-09-08,2015-02-01
381,Kelila Haugeh,Help Desk Technician,Innotype,2015-08-20,
382,Goran Collum,Recruiter,Voonte,2011-01-20,
383,Sybila Plester,Research Assistant II,Eadel,2017-04-14,
384,Claribel Pifford,Project Manager,Kayveo,2015-04-02,
385,Samara Worledge,Product Engineer,Bubbletube,2014-02-19,
386,Antonetta Littlewood,Technical Writer,Mita,2015-05-06,
387,Thornie Alleyn,Assistant Media Planner,Meezzy,2012-09-17,
388,Fraser Knappett,Pharmacist,Eazzy,2017-09-13,
389,Todd Arnowicz,Tax Accountant,Blogspan,2011-01-07,
390,Clemmy Warnes,Assistant Professor,Jetpulse,2017-05-11,2016-06-15
391,Sibylle Di Bartolomeo,Community Outreach Specialist,Topicware,2017-10-15,
392,Elonore Waddingham,Help Desk Technician,Ainyx,2014-01-30,2011-11-18
393,Ingeberg Hutchinges,Software Test Engineer II,Skyndu,2014-06-03,
394,Barbi Melliard,Teacher,Yamia,2012-04-30,2014-09-13
395,Brigham Bullard,Database Administrator I,Kimia,2013-04-27,
396,Carroll Wade,Cost Accountant,Dabfeed,2017-05-12,
397,Coletta Droogan,Human Resources Assistant III,Bubblemix,2016-07-27,2017-04-29
398,Cyndia Beyne,Research Associate,Quinu,2013-02-23,
399,Zacharias Harley,Developer IV,Divanoodle,2017-02-12,
400,Bertram Lettson,Senior Financial Analyst,Mudo,2016-10-02,
401,Dory Ainslie,Programmer I,Kwinu,2013-06-01,
402,Raeann Kohtler,Recruiting Manager,Flashdog,2013-07-19,
403,Rochester Swindells,Payment Adjustment Coordinator,Thoughtbeat,2012-05-23,
404,Marcie Allgood,Quality Control Specialist,Tanoodle,2017-12-20,
405,Holli Angrock,Marketing Manager,Dynabox,2011-09-10,
406,Niels Mobius,VP Accounting,Wikizz,2017-12-17,
407,Aurelia Elmar,Senior Developer,Vimbo,2015-01-22,
408,Vally Lund,Clinical Specialist,Latz,2012-09-15,
409,Betsy Laffling,Dental Hygienist,Skibox,2017-02-14,
410,Heidi Vickress,Registered Nurse,Jayo,2013-05-04,
411,Bibby Shapland,Director of Sales,Voomm,2015-09-15,2013-08-15
412,Clywd Hubbins,Senior Financial Analyst,Twitternation,2016-07-29,
413,Sari Drejer,Electrical Engineer,Brainverse,2012-08-20,
414,Red Worg,Software Test Engineer III,Meevee,2015-05-22,
415,Cris Olliar,Web Designer I,Babblestorm,2016-11-30,
416,Sigvard Talboy,Senior Quality Engineer,Realbridge,2013-02-21,
417,Royal Thomkins,Database Administrator IV,Rhycero,2015-10-30,2011-11-17
418,Denis Dunne,Sales Representative,Devpulse,2014-02-17,2012-08-19
419,Lauren McIlvenna,Marketing Assistant,Skidoo,2017-06-03,
420,Rudiger Lettice,Senior Financial Analyst,Omba,2012-08-26,
421,Hynda Artindale,Associate Professor,Vimbo,2015-09-03,
422,Dorelia Todarini,Help Desk Operator,Janyx,2016-05-08,
423,Wilburt McGiveen,VP Quality Control,Skyble,2012-03-04,
424,Cully Leere,Safety Technician IV,Yata,2010-05-06,
425,Harriott Roberts,Project Manager,Babbleset,2016-06-20,
426,Ginnifer Pollastro,Paralegal,Dabtype,2011-01-13,
427,Bank Bore,Legal Assistant,Ainyx,2017-03-04,
428,Morten Swale,Nurse,Riffwire,2017-02-15,
429,Carmita Lutty,Research Nurse,Gabvine,2012-03-24,2013-08-01
430,Leann Kloska,Data Coordiator,Oozz,2013-04-02,
431,Tanya Geraldini,Community Outreach Specialist,Flashdog,2013-10-09,2012-11-13
432,Judas Rotge,Business Systems Development Analyst,Realblab,2016-06-27,
433,Libbi Pashba,Cost Accountant,Kwimbee,2012-03-28,
434,Innis Inchley,Accountant I,Yambee,2016-11-02,
435,Vitia O'Reilly,Administrative Assistant II,Yozio,2017-11-06,
436,Florian Fannin,Technical Writer,BlogXS,2011-11-06,2015-06-14
437,Elbertina Brownfield,Senior Sales Associate,Topiclounge,2015-04-21,
438,Derron Onians,Graphic Designer,Ainyx,2011-10-30,
439,Nixie Paur,Community Outreach Specialist,Shufflebeat,2010-07-20,
440,Albertina Gozney,VP Product Management,Blogtag,2014-05-07,2010-09-18
441,Chery Janman,Registered Nurse,Quimm,2016-09-25,
442,Ludovika Elloit,Operator,Eimbee,2012-10-06,
443,Zachariah Terrazzo,Design Engineer,Voonder,2017-06-13,
444,Gustave Fidgeon,Teacher,Yakijo,2012-05-16,
445,Ivory Wharlton,VP Quality Control,Dynabox,2017-10-09,
446,Rollin Nucator,Senior Developer,Vinder,2015-01-02,
447,Elka Rosenshine,Human Resources Manager,Centizu,2012-01-19,2011-09-04
448,Annissa Headingham,VP Sales,Midel,2017-06-20,
449,Michael Flori,Speech Pathologist,Kanoodle,2010-11-07,
450,Marillin Drache,Help Desk Operator,Zava,2012-11-10,2017-08-08
451,Clayborn Turnor,Media Manager I,Flipbug,2017-07-19,
452,Morie McConville,Pharmacist,Cogilith,2010-12-05,
453,Alphard Atkins,Senior Sales Associate,Twitternation,2011-01-24,
454,Ellyn Silkston,Analyst Programmer,Devcast,2017-11-05,
455,Marcile Siuda,Senior Cost Accountant,Jaxworks,2012-09-10,2012-08-12
456,Mathew Gaynor,Desktop Support Technician,Buzzdog,2017-06-17,
457,Terri-jo Dundridge,Occupational Therapist,Yakitri,2010-05-07,
458,Dorelle Rannie,Sales Representative,Jabberstorm,2016-08-10,
459,Frances Gillanders,VP Sales,Eazzy,2011-12-24,
460,Tiffy Hogsden,Senior Sales Associate,Flipbug,2014-03-29,
461,Kaleb Eyree,VP Marketing,Dynava,2015-07-26,
462,Gabbie Hudless,Human Resources Manager,Mita,2010-04-20,
463,Haywood Hallut,Quality Control Specialist,Jaxworks,2016-09-03,
464,Teressa Ambrogioli,Computer Systems Analyst IV,Teklist,2011-02-17,2010-10-24
465,Nana Clover,Automation Specialist III,Yakijo,2016-07-23,
466,Pollyanna Freckleton,Information Systems Manager,Myworks,2014-11-04,
467,Deeann Solley,Human Resources Manager,Oyope,2010-09-22,
468,Bidget Kettlewell,Structural Analysis Engineer,Fiveclub,2013-07-27,
469,Ilaire Undy,Dental Hygienist,Ooba,2017-09-01,2010-03-28
470,Elita Greenham,Media Manager IV,Vimbo,2010-10-20,
471,Lockwood Trytsman,Geological Engineer,Babbleopia,2011-09-02,
472,Theodoric Corneljes,Operator,Skalith,2011-12-02,
473,Andre Tremayne,Web Developer II,Gigabox,2016-04-17,
474,Carrol Havard,Biostatistician II,Topicstorm,2013-12-27,
475,Jere Ramalhete,Payment Adjustment Coordinator,Shufflebeat,2011-06-05,2018-01-28
476,Waverley Harm,Accountant IV,Tavu,2016-09-17,
477,Oralie Camell,Senior Cost Accountant,Quaxo,2010-08-30,
478,Fredric Keppy,Information Systems Manager,Babbleblab,2016-10-13,
479,Dal Sweatman,Project Manager,Edgeify,2015-08-20,
480,Calley Brundrett,Associate Professor,Vidoo,2013-08-31,
481,Zsazsa Bilborough,Web Developer IV,Katz,2011-05-16,
482,Dolli Niessen,Clinical Specialist,Fiveclub,2016-06-30,
483,Lianna Grimsditch,Editor,BlogXS,2016-02-14,
484,Claudetta Dorling,Business Systems Development Analyst,Wikizz,2017-01-11,
485,Merrill Godsmark,Chief Design Engineer,Yodel,2012-09-15,
486,Annmarie Winwright,Account Representative III,Mita,2014-01-23,
487,Aymer Vynoll,Payment Adjustment Coordinator,Eabox,2010-11-17,
488,Hasheem Tosney,Financial Advisor,Izio,2014-09-18,
489,Blondelle Kenwright,Tax Accountant,Meetz,2012-09-16,
490,Zara Boskell,Geological Engineer,Yambee,2012-04-06,2014-04-04
491,Don Boughtflower,Account Coordinator,Ailane,2012-06-01,
492,Rhonda Layland,General Manager,Dabtype,2011-07-10,
493,Emmerich Craise,Budget/Accounting Analyst I,Livefish,2017-04-05,
494,Kaine Linsay,Computer Systems Analyst IV,Rhyloo,2011-08-04,
495,Wilhelm Leall,Web Designer IV,Brainverse,2013-10-26,
496,Helge Battista,Registered Nurse,Quatz,2014-04-23,
497,Addy Day,VP Accounting,Mycat,2012-08-10,2016-12-10
498,Kamila Gontier,VP Product Management,Skiptube,2013-10-23,
499,Milly Felce,Biostatistician I,Midel,2014-12-08,
500,Vinny Boulstridge,Nurse,Realcube,2015-09-02,
501,Nicholas MacNeillie,Budget/Accounting Analyst III,Eimbee,2014-03-24,
502,Caroljean Milne,Geologist III,Livetube,2016-06-21,
503,Terese O'Fergus,Database Administrator III,Jabbercube,2017-02-02,
504,Jeffry Mossom,Desktop Support Technician,Oyoloo,2016-09-08,
505,Oralla Tankard,Administrative Officer,Browsetype,2017-03-31,
506,Melisande Fagge,Senior Editor,Trilith,2014-09-09,
507,Julieta Castellone,Product Engineer,Skimia,2011-05-18,2016-12-05
508,Octavia Haddock,Clinical Specialist,Yodo,2017-02-08,
509,Danie Kinrade,Assistant Professor,Voonder,2016-11-07,
510,Kelsey Slark,Senior Quality Engineer,Centidel,2014-03-08,
511,Nicoli Honack,Developer III,Skimia,2010-10-23,
512,Lowrance Alesin,Occupational Therapist,Realmix,2013-12-15,
513,Dieter I'anson,Administrative Assistant IV,Oyoba,2014-01-20,
514,Berenice Blucher,Senior Financial Analyst,Zoombeat,2010-11-22,
515,Elinor Wybern,Account Representative II,Gigaclub,2013-06-03,
516,Joachim Calltone,Automation Specialist II,Kwimbee,2014-06-29,
517,Tammie Clifforth,Chemical Engineer,Meedoo,2016-10-01,
518,Sebastian Wyer,Director of Sales,Fadeo,2012-03-21,
519,Guss Adacot,Media Manager III,Shuffledrive,2016-01-26,
520,Emory Antrobus,Paralegal,Brightdog,2012-07-08,2013-05-21
521,Alon Lawes,Office Assistant III,Skinix,2017-06-16,
522,Marcus Chamberlin,Design Engineer,Zoovu,2012-10-16,
523,Dolli Kruger,Senior Cost Accountant,Yodo,2012-05-23,
524,Audra Baynton,Biostatistician III,Browsecat,2013-06-05,
525,Marillin Honniebal,Senior Quality Engineer,Plajo,2014-11-11,
526,Lezley Gethin,Occupational Therapist,Linkbuzz,2014-07-16,
527,Marcello Hallford,Software Test Engineer II,Feedspan,2010-08-08,
528,Fitz Bilt,Recruiter,Teklist,2017-02-09,
529,Herculie Sloat,Food Chemist,Einti,2016-06-18,
530,Georgena Rintoul,Health Coach I,Bubbletube,2010-08-08,
531,Alvira Jedrachowicz,Pharmacist,Yamia,2012-08-06,
532,Bernardine Oaten,Sales Associate,Brightbean,2016-06-24,
533,Langsdon Mayward,Marketing Manager,Einti,2012-03-27,
534,Marty Queyos,Executive Secretary,Twimm,2014-05-07,
535,Elwood Picknett,Statistician II,Brainbox,2012-11-23,
536,Torre Halpin,Mechanical Systems Engineer,Roombo,2012-06-06,
537,Riley Arnott,Compensation Analyst,Meezzy,2015-06-20,
538,Ronnie Underwood,Analyst Programmer,Tagpad,2011-07-27,2014-12-08
539,Ross Keam,Health Coach I,Yabox,2011-04-13,
540,Margette Goodburn,Pharmacist,Lajo,2010-09-10,
541,Easter Winham,Marketing Manager,Blognation,2015-04-05,
542,Kamillah Skerm,Compensation Analyst,Meemm,2016-05-25,
543,Lyon Becarra,Social Worker,Skynoodle,2014-10-01,
544,Andrey Espinosa,Analyst Programmer,Feedmix,2017-03-05,
545,Eula Terzo,Mechanical Systems Engineer,Gigabox,2015-11-15,2015-01-09
546,Ellis Ismead,Budget/Accounting Analyst I,Yambee,2012-12-21,
547,Alex Gealle,Physical Therapy Assistant,Devpulse,2014-02-06,
548,Arel Walliker,Database Administrator III,Rhybox,2014-09-08,
549,Dita MacCarrick,Data Coordiator,Voolia,2017-05-30,
550,Staford Buckham,Recruiter,Skinder,2013-07-09,2016-04-17
551,Tatiana Mudd,Sales Associate,Realblab,2015-05-28,
552,Odille Antoni,Staff Accountant I,Rhycero,2015-10-15,
553,Marlena Primrose,Social Worker,Youopia,2013-09-07,
554,Nelle Butteris,Environmental Specialist,Dynava,2012-05-04,2010-09-24
555,Ginger Humpage,Research Associate,Ailane,2013-11-07,
556,Cheri Bonehill,Software Consultant,Eire,2017-05-30,
557,Odell Ebertz,Programmer IV,Youfeed,2012-12-27,
558,Allx O' Mara,Analyst Programmer,Flashdog,2018-03-04,
559,Lacy Jerman,Executive Secretary,Pixonyx,2011-07-20,
560,Ralph Odeson,Environmental Tech,Aivee,2016-05-17,2012-01-03
561,Taite Hunnaball,Compensation Analyst,Skiba,2017-05-26,
562,Carmelle Cettell,Research Associate,Youspan,2017-01-15,
563,Cristabel Clerc,Social Worker,Myworks,2014-07-11,
564,Laney Rudgley,Payment Adjustment Coordinator,Yadel,2012-06-20,
565,Ivory Daltry,Product Engineer,Flipstorm,2015-11-15,
566,Gabrila Gori,Social Worker,Buzzbean,2011-04-21,
567,Bertram Castanone,Financial Analyst,Kayveo,2018-02-18,
568,Yoko Jeckell,Technical Writer,Browsedrive,2012-02-28,2015-01-07
569,Clare MacFadin,Tax Accountant,Kare,2017-01-25,
570,Hailee Orneblow,Biostatistician I,Feedfire,2017-09-13,
571,Katuscha Wapplington,Pharmacist,Centidel,2017-08-25,
572,Darn Henri,Office Assistant II,Brainlounge,2017-05-17,
573,Wilhelmine Christofides,Account Representative IV,InnoZ,2012-03-23,
574,Kristel Corker,Clinical Specialist,Riffpath,2011-03-05,
575,Vickie Machen,Office Assistant I,Skalith,2012-11-23,
576,Geoffry Wearn,GIS Technical Architect,Mudo,2017-01-05,
577,Job Burnel,Recruiting Manager,Tagpad,2010-06-03,
578,Phillip Coakley,Budget/Accounting Analyst III,Kimia,2016-10-17,
579,Camala Heskin,Software Test Engineer I,Tagcat,2015-01-10,
580,Conrade Lapthorne,Health Coach III,Zoovu,2015-01-02,
581,Livia Mothersole,Structural Analysis Engineer,Oyoloo,2014-02-20,
582,Fitz Abotson,General Manager,Dynabox,2016-10-28,
583,Clare Lowrance,Business Systems Development Analyst,Layo,2013-07-21,
584,Francklin Holleworth,Geologist I,Reallinks,2016-12-15,
585,Samara McCrory,Paralegal,Teklist,2016-10-27,
586,Joshua Pletts,Computer Systems Analyst III,Gabspot,2012-11-23,
587,Lorin Gresley,Accountant I,Devcast,2014-07-01,
588,Brynna Whitham,Marketing Assistant,Realcube,2015-09-08,
589,Giffie Waterhouse,Human Resources Assistant II,Omba,2013-04-12,2015-07-28
590,Saloma Lowrey,Tax Accountant,Blogtags,2016-07-11,
591,Rochette Grelik,GIS Technical Architect,Thoughtbridge,2015-05-04,
592,Nels Siaskowski,Web Designer I,Flashpoint,2011-08-30,
593,Lincoln Murray,Dental Hygienist,Jazzy,2017-10-26,
594,Burty Trelevan,Human Resources Assistant I,Skyvu,2010-09-22,
595,Bentlee Geeve,Registered Nurse,Photobug,2014-03-16,
596,Tanya Espada,Office Assistant II,Youspan,2011-04-30,
597,Leta McGlaughn,Registered Nurse,Pixoboo,2015-09-08,
598,Judy Barenskie,Speech Pathologist,Photofeed,2017-07-10,
599,Jolyn Forsaith,Occupational Therapist,Devbug,2014-05-20,
600,Pascal Creddon,Food Chemist,Gigashots,2013-05-13,2018-01-02
601,Ban Trynor,Product Engineer,Fanoodle,2014-07-27,
602,Marni Stollen,Web Developer IV,Feedmix,2010-12-16,
603,Ynes Millbank,Product Engineer,Meemm,2011-05-20,
604,Munroe Chattoe,VP Sales,Fatz,2017-02-14,
605,Farris Kinner,General Manager,Oyoloo,2016-04-25,
606,Shelby Gibbons,Clinical Specialist,Edgetag,2016-07-19,
607,Merrie Brownsill,Financial Advisor,JumpXS,2013-12-29,
608,Arlena Maddrell,Speech Pathologist,Miboo,2017-04-25,
609,Eberhard Edelman,Junior Executive,Npath,2010-10-19,
610,Debee Jahner,Sales Associate,Bubblemix,2016-04-18,
611,Dale Farnell,Health Coach III,Voolith,2015-10-02,
612,Saxon Flinn,Budget/Accounting Analyst II,Jayo,2015-12-04,
613,Kean Fray,Analyst Programmer,Jabberbean,2012-04-10,
614,Iosep McIlvenny,Nurse Practicioner,Photobug,2013-02-24,
615,Cyndia Axtonne,VP Accounting,Einti,2016-03-12,
616,Bettye Usmar,Payment Adjustment Coordinator,Skiba,2011-05-01,
617,Davide Rolston,VP Sales,Trilia,2016-04-22,
618,Jere Northgraves,Developer I,Yacero,2012-11-08,
619,Vivi Kerwood,Administrative Officer,Dabtype,2013-12-28,
620,Jerrine Oxenden,VP Product Management,Wordpedia,2014-11-24,
621,Ebeneser Northridge,Assistant Manager,Fivespan,2015-11-08,
622,Felice Detoc,Senior Developer,Trilith,2011-11-04,
623,Eimile Beamond,Budget/Accounting Analyst IV,Wikivu,2014-02-10,2011-12-26
624,Janelle Pountain,Cost Accountant,Mydeo,2014-06-01,
625,Edik Field,Financial Advisor,Podcat,2014-09-21,
626,Umeko Baise,VP Accounting,Kwideo,2017-06-21,
627,Silvan Martel,Research Assistant III,Twinte,2017-10-29,
628,Clim O'Hartagan,Business Systems Development Analyst,Agivu,2016-10-31,
629,Louisette Easen,Budget/Accounting Analyst I,Bubblebox,2015-03-31,
630,Levy Brookhouse,Junior Executive,DabZ,2014-08-07,
631,Derron Hagger,Programmer II,Talane,2013-01-22,
632,Adan Sazio,Senior Cost Accountant,Browseblab,2012-04-15,2014-11-18
633,Brooks Parfett,Data Coordiator,Jaxspan,2014-01-23,
634,Filberte Hatrey,Programmer II,Kaymbo,2013-06-03,
635,Abie Reaman,Media Manager II,Devpulse,2014-10-29,
636,Nicoline Pipes,Structural Analysis Engineer,Trilia,2012-01-30,
637,Thorin Labin,Actuary,Devcast,2014-06-29,
638,Cleopatra Charrette,Dental Hygienist,Browseblab,2010-05-28,2010-04-12
639,Jayson Casini,Assistant Manager,Photofeed,2013-07-20,
640,Carlene Giovannini,Assistant Media Planner,Bubblebox,2014-06-09,
641,Roxanna Gotcher,Programmer IV,Edgewire,2015-08-25,
642,Christa Cullagh,Biostatistician II,Eazzy,2014-08-11,
643,Krispin Kimbell,Pharmacist,Mudo,2011-11-27,2017-08-03
644,Federico Toupe,VP Marketing,Eabox,2017-06-17,
645,Maynord Cochet,Quality Control Specialist,Chatterpoint,2013-12-16,
646,Hedvig Wollaston,Research Nurse,Eazzy,2016-12-21,
647,Alix Gludor,Cost Accountant,Skaboo,2011-02-03,
648,Cherin Brettel,Junior Executive,Zoomdog,2016-08-30,2016-11-21
649,Bev Sowle,Web Designer III,Devpoint,2016-12-22,
650,Dido Prestidge,Engineer IV,Zooxo,2012-08-17,
651,Joshia Riepel,Environmental Specialist,Buzzshare,2016-02-06,
652,Lorry Tooher,Marketing Manager,Edgeclub,2013-09-23,
653,Minda Wattins,Librarian,Topiclounge,2014-11-26,
654,Carie Bresland,Recruiting Manager,Browsebug,2017-08-11,
655,Nicolette Dodman,Operator,Quimba,2016-03-15,
656,Wash Coumbe,Environmental Specialist,Quimba,2014-12-04,
657,Oberon Petruskevich,Food Chemist,Podcat,2011-02-20,
658,Kassie Dufoure,Internal Auditor,Oyope,2011-09-28,
659,Claudell Hardy,Internal Auditor,Kazu,2013-08-03,
660,Jane Foffano,VP Accounting,Trilith,2014-04-22,
661,Fidela Waller,Structural Analysis Engineer,Zoombeat,2011-09-19,
662,Editha Kiddey,Actuary,Meeveo,2017-12-31,
663,Chase Dashwood,Actuary,Edgeify,2013-03-18,
664,Matelda Flucker,Legal Assistant,Devbug,2014-01-22,
665,Judye Bourthouloume,Systems Administrator II,Yozio,2013-11-16,
666,Kris Cremins,Graphic Designer,Flashset,2012-12-20,
667,Kahlil Brougham,General Manager,Yadel,2012-10-16,
668,Alvis Schimann,Automation Specialist IV,Livefish,2014-03-17,
669,Rudolfo Tamburo,Community Outreach Specialist,Youbridge,2016-11-25,
670,Bradley Tydeman,Programmer I,Jetwire,2012-05-06,2016-03-20
671,Oriana Littledike,Professor,Edgeify,2015-08-20,
672,Salli Maltby,Biostatistician IV,Jabberbean,2013-07-01,
673,Lorry O' Driscoll,Biostatistician II,Twitterworks,2016-07-15,
674,Gregoor Loney,Information Systems Manager,Midel,2016-11-07,
675,Kalina Jakoub,Desktop Support Technician,Skilith,2016-08-03,
676,Briant Grigs,Community Outreach Specialist,Photobug,2014-04-03,
677,Pansie Backwell,Assistant Professor,Youfeed,2017-06-21,
678,Sula Hurler,Food Chemist,Cogidoo,2015-12-23,
679,Amandi Broader,Human Resources Assistant I,Yakidoo,2015-09-10,
680,Rochella Trineman,Editor,Quire,2015-03-23,
681,Kalle Cossom,Administrative Assistant II,Kayveo,2012-02-28,
682,Martica Holtum,Analog Circuit Design manager,Tazz,2017-12-13,
683,Natassia Larmouth,Professor,Photofeed,2014-04-16,
684,Ira Neath,Automation Specialist III,Linkbuzz,2016-11-26,
685,Haskel Hrycek,Cost Accountant,Rhyloo,2018-01-07,
686,Catie Cracker,Legal Assistant,Tagopia,2010-07-20,
687,Brynna Fireman,Staff Scientist,Youopia,2011-12-28,
688,Lulita Locke,Cost Accountant,Tazz,2011-07-27,
689,Halley Pawlick,Mechanical Systems Engineer,Wikido,2017-05-05,
690,Celestia Tarbett,Nuclear Power Engineer,Muxo,2016-01-04,
691,Sherlock Larkin,Professor,Zooxo,2016-08-09,
692,Gypsy Edmund,Systems Administrator I,Twinte,2015-08-21,2012-09-12
693,Oriana Narducci,Research Nurse,Gabspot,2010-11-05,
694,Doralia Minto,Chemical Engineer,Fivechat,2010-07-13,
695,Jilleen Eldrid,Structural Engineer,Yoveo,2017-10-28,
696,Darryl Dell Casa,Librarian,Topicstorm,2015-09-10,
697,Charita Taysbil,Help Desk Technician,Zoomdog,2014-11-16,
698,Betsy Deyenhardt,General Manager,Oyoloo,2014-07-04,
699,Elbertina Angrove,Health Coach IV,Jaxworks,2017-05-24,
700,Base O' Bee,VP Accounting,Quimm,2016-09-25,
701,Irma Bignall,Quality Control Specialist,Twimm,2014-03-04,
702,Helen-elizabeth Siaskowski,Research Nurse,Layo,2017-07-18,
703,Luciano Quinlan,Desktop Support Technician,Quinu,2014-10-27,
704,Ajay Ricardin,Pharmacist,Demivee,2010-08-25,
705,Addy Nelsen,Systems Administrator III,Agimba,2013-06-14,
706,Emelina Howgill,VP Accounting,Cogilith,2014-12-24,2014-09-22
707,Mechelle Fowley,Nuclear Power Engineer,Oyoloo,2014-10-12,2012-09-20
708,Bernice Yellowlea,Geologist II,Tekfly,2016-03-14,
709,Trish Flook,Internal Auditor,Edgeify,2010-07-31,
710,Nolan Culp,Nuclear Power Engineer,Ozu,2014-09-03,
711,Celinka Bloxland,Software Consultant,Pixope,2014-03-31,
712,Myrle Pirelli,Internal Auditor,Wordtune,2017-06-10,
713,Jodi Danev,Product Engineer,Edgetag,2012-07-16,
714,Pammie Ohrtmann,Software Consultant,Eabox,2015-11-12,
715,Irvine Rauprich,Account Representative IV,Flashset,2011-02-27,
716,Anastasie Strong,Research Associate,Tazzy,2012-12-16,2012-06-23
717,Garik Sara,Account Representative III,Twinte,2011-05-02,
718,Artair Tirrey,Business Systems Development Analyst,Zooveo,2012-07-18,2015-05-19
719,Javier Barends,Computer Systems Analyst IV,Gigabox,2011-10-01,
720,Dian Aspinall,Structural Analysis Engineer,Eire,2013-02-28,
721,Jeffry Kochl,VP Product Management,Devify,2013-12-29,
722,Welbie Raveau,Engineer IV,Oyoba,2010-07-08,
723,Kaspar Tortice,Senior Developer,Vinte,2011-05-20,
724,Hanna Bonnin,Civil Engineer,Oyondu,2010-05-22,
725,Bobby Vel,Physical Therapy Assistant,Brainlounge,2013-01-31,
726,Vern Hammant,Assistant Professor,Jaxspan,2011-11-26,
727,Zorana Ahmad,Administrative Officer,Flashset,2017-08-05,
728,Zena Spink,Software Consultant,Mita,2012-07-28,
729,Gale Rodrig,Clinical Specialist,Jatri,2010-09-08,2011-12-21
730,Alard McLarens,Analyst Programmer,Yombu,2015-09-28,
731,Ethyl Rowles,VP Quality Control,Divanoodle,2014-06-19,
732,Corene Fenney,Data Coordiator,Viva,2013-05-21,
733,Hermy Gurling,Analyst Programmer,Centidel,2011-01-08,
734,Stephan Willman,Administrative Officer,Twitterwire,2011-09-27,
735,Felecia Gowans,VP Product Management,Skyba,2010-09-28,
736,Reynard Lyttle,GIS Technical Architect,Linkbridge,2016-07-24,2012-12-25
737,Bren Maddrell,Cost Accountant,Blogspan,2014-12-09,2014-11-02
738,Marshal Leveritt,Structural Engineer,Fivechat,2010-06-11,
739,Cecil Veitch,Quality Engineer,Oyoloo,2015-09-18,
740,Vina Bartelli,Data Coordiator,Brightbean,2011-03-13,2010-07-10
741,Karlotte Gawn,Paralegal,JumpXS,2014-05-20,
742,Tarrah Spellman,Senior Developer,Avavee,2012-03-03,
743,Shelton Gorler,Legal Assistant,Linktype,2015-06-16,
744,Pembroke MacGiolla,Environmental Tech,Muxo,2014-12-15,
745,Carny Riggey,Civil Engineer,Leenti,2018-03-05,2017-04-05
746,Louisette Yegorchenkov,Desktop Support Technician,Edgeblab,2013-01-20,
747,Bell Hairs,Analyst Programmer,Wordify,2016-08-14,
748,Denise Ticehurst,Clinical Specialist,Quimm,2014-07-30,
749,Lowrance Haggus,Pharmacist,Meevee,2017-11-08,
750,Ethelyn Phlippi,Media Manager II,Skaboo,2015-05-25,
751,Brook Gresser,Staff Accountant III,Photojam,2014-01-26,
752,Feodora Charrett,Electrical Engineer,Jaxnation,2014-09-06,
753,Sloane Siflet,Product Engineer,Lazz,2017-11-17,
754,Jude Germain,Structural Engineer,Myworks,2015-08-05,
755,Cher Franchioni,Analog Circuit Design manager,Wordtune,2010-09-24,
756,Nowell Ivett,Software Engineer II,Browsebug,2012-10-24,
757,Zachariah Barthropp,Occupational Therapist,Katz,2012-04-10,
758,Yance Hagland,Programmer Analyst I,Browseblab,2015-02-28,
759,Elga Skelhorne,Senior Financial Analyst,Feednation,2012-05-20,
760,Chucho Foucar,Recruiting Manager,Twimm,2013-01-25,
761,Gualterio Duiguid,Staff Accountant IV,Eimbee,2015-12-02,
762,Miran Kennewell,Speech Pathologist,Wordify,2016-08-14,
763,Clevey Petrowsky,Graphic Designer,InnoZ,2013-05-06,
764,Daffi Gomez,Research Associate,Jayo,2014-10-17,
765,Gordon Whyke,Financial Advisor,Skyble,2014-07-17,
766,Abra Monkton,VP Marketing,Dynabox,2010-06-23,
767,Demeter Coatsworth,Editor,Feedfish,2016-11-04,
768,Alberik Geering,Legal Assistant,Gigaclub,2016-03-02,
769,Hope Caveill,Media Manager IV,Tanoodle,2017-01-07,
770,Ludwig Randales,Librarian,Zoomzone,2013-05-29,
771,Jacob Perrigo,Data Coordiator,LiveZ,2012-06-19,
772,Leila Surgeoner,Tax Accountant,Mybuzz,2011-06-14,
773,Berget Snelling,Web Designer I,Demizz,2011-11-20,
774,Clayborn Bentote,Data Coordiator,Eimbee,2010-07-24,
775,Lurette Semple,Electrical Engineer,Eimbee,2017-08-21,
776,Worden Dolling,Analog Circuit Design manager,Mudo,2011-10-01,
777,Dominga Puller,Senior Developer,Yozio,2012-12-31,
778,Jase Graser,Financial Analyst,Photobug,2012-12-02,
779,Reinhard Vakhrushev,Automation Specialist III,Vimbo,2016-07-28,
780,Umberto Camden,Account Coordinator,Yacero,2017-01-26,2014-06-03
781,Patrica Kasper,Senior Quality Engineer,Youspan,2017-06-30,2011-02-27
782,Faydra Perryn,Executive Secretary,Dabfeed,2010-10-18,
783,Rufus Mackilpatrick,VP Marketing,Vimbo,2016-09-04,
784,Brietta Wilstead,Financial Analyst,Twitterlist,2013-02-05,
785,Georgeta Barras,Quality Control Specialist,Miboo,2013-08-06,
786,Berty Jakubovitch,Research Associate,Ooba,2015-12-03,
787,Garvin Nellen,Operator,BlogXS,2015-08-30,
788,Kirsten Johantges,Internal Auditor,Meeveo,2010-05-24,
789,Nevile Hallam,Nurse,Twinte,2017-12-18,
790,Deanna Klemmt,Database Administrator II,Mydeo,2011-09-28,
791,Sheeree Trevallion,VP Product Management,Shufflebeat,2012-08-24,
792,Thornton Boutell,VP Product Management,Centimia,2017-10-22,
793,Lin Mart,Web Developer II,Rooxo,2011-05-22,
794,Ewen Skeene,Paralegal,Vidoo,2013-09-30,
795,Cammie Masser,Librarian,Thoughtstorm,2012-10-01,
796,Cass Frarey,Software Consultant,Linklinks,2014-04-26,
797,Ly MacGorley,Account Coordinator,Gabtype,2011-11-10,2015-05-09
798,Saba Hardway,Desktop Support Technician,Edgewire,2014-11-01,
799,Hasty Foro,Marketing Assistant,Livepath,2013-01-21,
800,Peri Youll,Paralegal,Tagpad,2014-12-27,
801,Loralie Peret,Research Associate,Rhycero,2016-02-22,
802,Gasper Chomley,Nurse Practicioner,Oyondu,2012-09-16,
803,Bernadene Weaben,VP Sales,Jabberstorm,2014-10-21,
804,Skipp Grene,Senior Cost Accountant,Skyble,2011-02-08,
805,Pandora Pering,Information Systems Manager,Jabberstorm,2017-04-14,
806,Dana Seller,Electrical Engineer,Browsetype,2017-07-13,
807,Tommy Napolitano,Assistant Professor,Photobean,2012-02-04,
808,Matthias Alesio,Desktop Support Technician,Babbleset,2016-12-23,
809,Bernardina Pepperrall,Senior Cost Accountant,Jazzy,2011-12-02,
810,Roanna MacGilfoyle,Account Coordinator,Thoughtbeat,2016-11-05,
811,Kerrin Tenant,Environmental Tech,Browseblab,2014-08-25,
812,Claudian Dunkerly,Recruiting Manager,Twimbo,2015-05-01,
813,Richmond Durran,Quality Control Specialist,Babbleblab,2014-02-01,
814,Kevin Penwright,Senior Editor,Ainyx,2013-12-12,
815,Ashli Wilder,Chief Design Engineer,Vinte,2015-12-06,
816,Ethelind Giorgione,Biostatistician I,Photolist,2016-08-23,
817,Gregg Rickarsey,Design Engineer,Aivee,2014-05-01,
818,Rosalie Dyerson,Tax Accountant,Devshare,2013-06-04,
819,Yelena Opie,Programmer Analyst II,Livetube,2012-05-20,
820,Cooper Courtese,Environmental Tech,Quaxo,2012-08-02,
821,Garwin Fountaine,Nuclear Power Engineer,Linklinks,2015-03-12,
822,Nathanial MacFarlane,Research Associate,Ntag,2013-05-26,
823,Randie Meadway,Pharmacist,Wordify,2015-07-28,
824,Wynn Stallibrass,Assistant Media Planner,Voolith,2010-06-04,
825,Marillin Jurkiewicz,Executive Secretary,Meezzy,2014-11-08,
826,Randa Gladden,Senior Cost Accountant,Realcube,2016-11-14,
827,Wendi Arthurs,Legal Assistant,Kazio,2011-07-11,2010-04-14
828,Artemas Stickney,Assistant Professor,Dablist,2012-03-10,
829,Lemuel Ithell,Office Assistant IV,Dabtype,2012-02-25,
830,Belicia Hurren,Developer II,Babbleblab,2016-09-05,
831,Glynn Duke,VP Accounting,Photobug,2013-11-13,
832,Willey Dresser,Health Coach II,Mynte,2016-06-02,2011-12-12
833,Jerrie Bruckshaw,Data Coordiator,Yodoo,2013-02-09,
834,Loretta Leinweber,Chemical Engineer,Jabbersphere,2015-03-20,
835,Dorice Covotto,Chief Design Engineer,Zoomcast,2011-04-13,
836,Shirley Gepson,VP Product Management,Centimia,2016-09-20,
837,Sarajane Dorin,Senior Financial Analyst,Photolist,2012-11-22,
838,Hinze Schoffler,Chief Design Engineer,Viva,2014-09-03,
839,Gerik Balderston,Senior Developer,Eare,2013-07-09,
840,Irvine Guidini,Marketing Manager,Topicblab,2012-02-22,
841,Darcee Tooth,Assistant Media Planner,Ntags,2015-10-03,
842,Maud Peasee,Design Engineer,Skyvu,2011-12-30,2012-12-24
843,Orin Saiz,Environmental Tech,Avavee,2013-09-14,
844,Dolly McLeman,Analog Circuit Design manager,Dabvine,2011-10-13,
845,Jeannine Gaytor,Environmental Specialist,Feednation,2016-02-19,
846,Jeniece Lukock,Chief Design Engineer,Lazzy,2012-02-07,
847,Gilda MacArte,Health Coach IV,Yotz,2010-10-15,
848,Ricardo Newband,Database Administrator II,Twitterworks,2015-06-24,
849,Sosanna Clace,Compensation Analyst,Leexo,2011-07-21,
850,Erina Cumes,Assistant Media Planner,Kwinu,2014-09-10,2013-11-14
851,Sonnie Rawll,Administrative Assistant III,Blogtag,2017-03-29,2011-12-22
852,Jerry Grima,Programmer II,Leexo,2016-05-12,
853,Hadleigh Hinkes,Environmental Specialist,Twitterbeat,2010-08-14,
854,Ibby Danat,Sales Associate,Shufflester,2015-11-20,
855,Mike O' Neligan,VP Product Management,Fadeo,2011-04-01,
856,Jobina Quinnette,GIS Technical Architect,Cogidoo,2014-08-13,
857,Goldarina Hubery,Speech Pathologist,Feedspan,2010-08-26,2016-10-17
858,Olivero Duffil,Design Engineer,Gigashots,2017-12-05,2014-01-30
859,Hyacinthia Duchatel,Sales Representative,Rhyloo,2014-01-06,
860,Emilio Pinxton,Software Test Engineer III,Thoughtblab,2012-05-30,
861,Norbie Archer,Research Assistant IV,Zoomzone,2014-07-12,
862,Banky Mouan,Teacher,Feedfish,2013-11-10,
863,Percival Widdows,Geologist IV,Topicware,2016-06-10,
864,Far Cess,Account Representative I,Eidel,2015-06-19,
865,Pasquale Navaro,Programmer I,Twitterlist,2015-04-29,
866,Husein Cristofari,Structural Engineer,Jetpulse,2010-05-30,
867,Delbert Wreath,Junior Executive,Youfeed,2013-07-24,
868,Thaddus Stokey,Junior Executive,Thoughtmix,2017-12-01,
869,Michal Ambrois,Social Worker,Vinder,2011-04-05,
870,Teddi Northidge,Junior Executive,Digitube,2013-05-01,
871,Gwenette Pahl,Geological Engineer,Wikido,2011-07-26,2012-10-11
872,Garvey Speechley,Research Associate,Livefish,2012-08-15,
873,Jehu Ruberry,Project Manager,Yombu,2014-07-31,
874,Kristyn Swadon,Chemical Engineer,Blogspan,2017-08-01,
875,Dallis Lightman,Graphic Designer,Avamba,2010-09-21,
876,Traci Aronovitz,Clinical Specialist,Mydo,2013-10-05,
877,Tully Bruyet,Engineer IV,Meevee,2014-07-06,
878,Theodor Berends,Financial Analyst,Blogtag,2015-04-05,
879,Adria Klicher,Administrative Officer,Linkbuzz,2017-06-18,2010-12-04
880,Alicia Theobold,Tax Accountant,Fivespan,2014-08-20,
881,Ave Cains,Tax Accountant,Wikizz,2016-08-30,
882,Danni Ortzen,Senior Financial Analyst,Feednation,2011-01-12,
883,Terra Hardacre,Marketing Manager,Voolia,2012-08-30,
884,Fred Jelley,Media Manager II,Tagpad,2012-02-18,
885,Marisa Biffin,Actuary,Cogibox,2015-08-12,
886,Reta Pigny,Office Assistant III,Photofeed,2011-04-14,
887,Ricard Dent,VP Accounting,Skipstorm,2012-06-14,
888,Almeda Embury,GIS Technical Architect,BlogXS,2012-04-17,
889,Chad Milkin,Software Engineer III,Jabbersphere,2018-01-21,
890,Lynnea Somersett,Senior Financial Analyst,Rhyzio,2015-03-30,
891,Oralle Trotman,Registered Nurse,Zoomdog,2012-02-11,2017-12-20
892,Agna Peddar,Sales Representative,Brightdog,2015-01-03,
893,Barnard Sancroft,Recruiting Manager,Skaboo,2016-03-06,
894,Dulce Binny,Environmental Tech,Fliptune,2016-06-10,
895,Alvin Bullick,Media Manager III,Ntag,2013-12-30,2015-04-07
896,Leonid Menicomb,Financial Analyst,Thoughtbeat,2014-08-15,
897,Carley Reinmar,Dental Hygienist,Jetwire,2015-08-01,
898,Adrian Goeff,Dental Hygienist,Jaxbean,2014-01-17,
899,Garner Volkers,Pharmacist,Eidel,2016-07-21,
900,Bobinette Svanini,Safety Technician II,Photojam,2010-11-26,
901,Ruben Cicutto,VP Sales,Dazzlesphere,2011-09-02,
902,Derby Arnow,Teacher,Gabcube,2012-07-14,
903,Zeb King,Tax Accountant,Trilith,2011-03-12,
904,Deeyn Andrag,Speech Pathologist,Kazu,2017-03-07,
905,Ulrikaumeko Gentreau,Senior Editor,Podcat,2011-02-07,
906,Margaret Stowe,Software Consultant,Shufflebeat,2014-06-13,
907,Lonna Ingry,Budget/Accounting Analyst I,Dabfeed,2011-03-07,2016-06-09
908,Junie Bisatt,Design Engineer,Meevee,2017-02-27,
909,Adi Eadie,Financial Advisor,Lazzy,2011-01-09,
910,Barbabra Lissimore,Assistant Media Planner,Shuffledrive,2011-04-29,
911,Flo Littlekit,Systems Administrator I,Cogidoo,2011-02-14,
912,Jacintha Danigel,Cost Accountant,Skimia,2015-01-23,
913,Gilberte Lord,Senior Editor,Roodel,2012-09-27,
914,Verena Byfford,Compensation Analyst,Youbridge,2017-05-31,
915,Flory O'Fihillie,Community Outreach Specialist,Skaboo,2013-01-15,
916,Bondy Dornin,Senior Quality Engineer,Talane,2013-01-03,
917,Myrlene McClinton,Assistant Media Planner,Brainlounge,2016-05-16,
918,Dorey Challicum,Senior Sales Associate,Quaxo,2011-05-13,
919,Annissa Gatling,Research Nurse,InnoZ,2016-09-07,
920,Derrik Sherwen,Operator,Thoughtworks,2013-01-23,
921,Essa Vowdon,Environmental Tech,Katz,2013-10-03,2014-10-14
922,Amil Fills,Accountant IV,Flashset,2014-09-29,
923,Lucilia Dugall,Account Coordinator,Photojam,2013-08-21,
924,Dorine Norster,Editor,Jabbercube,2014-04-20,
925,Edvard Mitchelhill,Sales Associate,Bluezoom,2010-10-12,
926,Harley Domeny,Account Coordinator,Dabvine,2016-08-08,
927,Steffen Youens,Structural Analysis Engineer,Dablist,2016-12-09,
928,Uta Coldtart,Developer IV,Flipstorm,2012-06-19,
929,Ron Legg,Teacher,Ainyx,2013-06-19,
930,Dalli Clifford,Assistant Media Planner,Thoughtbeat,2014-11-03,
931,Jeddy Mersh,Junior Executive,Mymm,2013-04-29,
932,Charisse Piser,Engineer IV,Skyndu,2014-01-04,
933,Rebecka Subhan,Senior Developer,Kazu,2013-11-02,
934,Kele Scranedge,Nuclear Power Engineer,Twitterworks,2012-03-19,
935,Reidar Robion,Analog Circuit Design manager,Babbleset,2015-10-22,
936,Emelda Kuhnt,Financial Advisor,Cogilith,2011-04-24,
937,Tanny Bilsborrow,Assistant Professor,Tagtune,2016-06-26,
938,Timofei Fairburne,General Manager,Topicstorm,2011-10-31,
939,Livvie Jelphs,Administrative Officer,Twimm,2011-04-14,2017-01-31
940,Lawton Sergean,Computer Systems Analyst II,Wikivu,2017-10-05,
941,Karissa Jorissen,Actuary,Thoughtworks,2017-07-22,2017-03-10
942,Jorrie McAlarney,VP Marketing,Aibox,2012-03-06,
943,Adina Austin,Recruiter,Mycat,2012-01-03,2016-10-27
944,Aurelie Chessil,Clinical Specialist,Feedmix,2018-03-05,
945,Nehemiah Pechacek,Chemical Engineer,Cogibox,2013-12-27,
946,Brion Streatfield,Developer IV,Cogibox,2011-12-21,
947,Jsandye Coie,Cost Accountant,Avavee,2014-08-17,
948,Joanne McGrane,Nurse,Meembee,2011-04-08,
949,Amandi Saiger,Database Administrator III,Quatz,2010-09-17,
950,Mitch Jakoubec,VP Accounting,Camido,2012-05-31,
951,Doretta Dansey,Financial Analyst,Yodo,2011-01-27,
952,Marlo Dudding,Financial Analyst,Ainyx,2012-12-10,2011-10-01
953,Rosetta Biskup,Senior Financial Analyst,Tanoodle,2016-02-23,
954,Andrus Gaize,Compensation Analyst,Fanoodle,2015-05-23,
955,Ashien Salkild,Software Consultant,Midel,2010-11-03,
956,Griffie Tosdevin,Legal Assistant,Linkbridge,2013-08-12,
957,Shoshana Treherne,Account Coordinator,Izio,2016-05-03,
958,Mellisent Oaten,Environmental Tech,Mycat,2012-02-09,
959,Dania Pyke,Account Coordinator,Blogspan,2014-05-13,
960,Benni Maher,Geologist III,Rhyloo,2016-06-30,
961,Molli Joyce,Internal Auditor,Youfeed,2017-08-13,
962,Kermit Mallon,Web Designer IV,Demimbu,2014-06-22,
963,Henrietta Lyard,Registered Nurse,Katz,2013-06-12,
964,Tobiah Scafe,Marketing Assistant,Rhyloo,2017-10-19,
965,Kristen Dionisetti,Operator,Feedspan,2018-01-30,
966,Staffard Boote,VP Marketing,Dabshots,2012-10-06,
967,Land Missen,Computer Systems Analyst II,Skipstorm,2012-07-09,2014-08-13
968,Webb Ambrois,VP Marketing,Centizu,2016-01-30,
969,Matthiew Piwell,Marketing Manager,Pixoboo,2010-11-17,2013-01-31
970,Tonye Dunne,Help Desk Technician,Quinu,2015-10-20,
971,Simonette Gadie,Senior Editor,Tagfeed,2011-09-19,
972,Webb Arnaldo,Food Chemist,Skimia,2014-04-17,
973,Hector Inchan,Environmental Tech,Wordware,2015-11-15,
974,Linc Venmore,Dental Hygienist,Aivee,2016-01-06,2015-01-15
975,Marianne Nudd,Accounting Assistant III,Topiclounge,2016-05-29,
976,Rickie Dickins,Human Resources Manager,Yakijo,2016-10-29,
977,Genevra Smythe,Office Assistant I,Katz,2012-02-20,
978,Osgood McQuie,Nurse Practicioner,Dabjam,2014-10-10,
979,Kerrin Gibbin,Marketing Manager,Flashdog,2015-04-17,
980,Karolina Wimmer,General Manager,Camido,2014-05-02,
981,Alvinia Freckleton,Sales Associate,Bubbletube,2016-10-30,
982,Ilka Bryns,Systems Administrator II,Babblestorm,2011-03-24,2011-02-07
983,Kitty MacKniely,Analog Circuit Design manager,Vidoo,2013-01-24,
984,Lyndsie Stables,Compensation Analyst,Zoozzy,2017-11-21,
985,Ganny Blackboro,Accounting Assistant IV,Trudoo,2011-12-14,
986,Arturo Stoddart,Systems Administrator II,Twimbo,2012-04-27,
987,Anatol Schleswig-Holstein,Structural Engineer,Twitterbridge,2013-01-04,
988,Iggy Fellowes,Quality Engineer,Wordpedia,2014-03-26,
989,Claiborne Merida,Help Desk Operator,Avamba,2013-08-29,
990,Leoline Knewstub,Technical Writer,Tagchat,2011-09-14,
991,Chelsea Arni,Research Assistant II,Meeveo,2017-09-05,
992,Atlante Towsey,Financial Advisor,Eazzy,2016-05-07,
993,Laurens Caddell,Nuclear Power Engineer,Blogpad,2014-11-03,
994,Oswald Tommen,Senior Developer,Edgeblab,2010-06-09,
995,Blinni Armstrong,Actuary,Twimbo,2017-01-29,
996,Shaylyn Koeppe,Senior Financial Analyst,Bluezoom,2010-08-22,
997,Charlotte Agglio,Media Manager III,Wikibox,2011-05-21,
998,Conni Seiffert,Actuary,DabZ,2017-12-04,
999,Silvana Fulcher,Operator,Riffpath,2015-11-08,
1000,Raymond Dennant,Budget/Accounting Analyst I,Brainverse,2013-04-14,